Interations;Temps(sec)
20;0.000000
200;0.000000
2000;0.000000
20000;0.003999
200000;0.015994
2000000;0.188185
20000000;1.894937
200000000;19.697073
2000000000;207.857781
