Interations;Temps(sec)
10;0.007996
100;0.067983
1000;0.955755
10000;6.086457
100000;110.140704
