Interations;Temps(sec)
10;0.003982
100;0.000000
1000;0.000000
10000;0.003997
100000;0.035990
1000000;0.437032
